turns,method,sample_size,tpr,time_microsecond,time_second,time_minute,time_hour,accuracy_of_parental_lineages,core
turns1,recombinhunt,72,0.6944444444444444,3494490.65,3494.49,58.24,0.97,0.56,1
turns2,recombinhunt,72,0.7083333333333334,3592725.867,3592.73,59.88,1.0,0.45098039215686275,1
turns3,recombinhunt,72,0.6944444444444444,3401458.53,3401.46,56.69,0.94,0.54,1
turns4,recombinhunt,72,0.7083333333333334,3464966.454,3464.97,57.75,0.96,0.5294117647058824,1
turns5,recombinhunt,72,0.6805555555555556,3469633.133,3469.63,57.83,0.96,0.4897959183673469,1
turns6,recombinhunt,72,0.6666666666666666,3448328.656,3448.33,57.47,0.96,0.5,1
