turns,method,sample_size,tpr,time_microsecond,time_second,time_minute,time_hour,accuracy_of_parental_lineages,core
turns1,recombinhunt,72,0.6944444444444444,492186.045,492.19,8.2,0.14,0.54,1
turns2,recombinhunt,72,0.7083333333333334,504337.39,504.34,8.41,0.14,0.47058823529411764,1
turns3,recombinhunt,72,0.6944444444444444,475937.508,475.94,7.93,0.13,0.54,1
turns4,recombinhunt,72,0.7083333333333334,486569.097,486.57,8.11,0.14,0.5294117647058824,1
turns5,recombinhunt,72,0.6805555555555556,480814.708,480.81,8.01,0.13,0.4897959183673469,1
turns6,recombinhunt,72,0.6666666666666666,480303.218,480.3,8.01,0.13,0.5,1
